run_id,prompt_variant,topK,temperature,json_validity_rate,driving_analysis_non_empty_rate,recommendation_coverage_avg,latency_avg_ms,latency_p95_ms,metadata
batch_a_01,batch_a_prose_json_loose_k1_t0,1,0.0,0.6500,0.6667,0.9167,3813.91,4034.55,"{""batch"": ""A"", ""factor_system_style"": ""prose"", ""factor_json_explicitness"": ""loose"", ""factor_topk"": 1, ""factor_temperature"": 0.0, ""notes"": ""Control determinista con minima diversidad para medir estabilidad base en Jimmy."", ""rationale"": ""Si mejora validez JSON sin perder cobertura, el problema principal era la aleatoriedad, no el prompt base.""}"
batch_a_02,batch_a_prose_json_loose_k1_t03,1,0.3,0.5000,0.6667,0.6111,3708.17,3993.45,"{""batch"": ""A"", ""factor_system_style"": ""prose"", ""factor_json_explicitness"": ""loose"", ""factor_topk"": 1, ""factor_temperature"": 0.3, ""notes"": ""Mismo estilo narrativo pero con mayor variacion lexical."", ""rationale"": ""Aisla el impacto de temperatura sobre utilidad de recomendaciones con topK cerrado.""}"
batch_a_03,batch_a_prose_json_strict_k8_t03,8,0.3,0.8500,1.0000,1.0000,3901.94,4104.24,"{""batch"": ""A"", ""factor_system_style"": ""prose"", ""factor_json_explicitness"": ""strict"", ""factor_topk"": 8, ""factor_temperature"": 0.3, ""notes"": ""Narrativo con guardrails fuertes de parseo JSON."", ""rationale"": ""Prueba si la explicitud JSON compensa variabilidad de muestreo mas abierta.""}"
batch_a_04,batch_a_prose_json_strict_k8_t0,8,0.0,0.7500,1.0000,0.9167,3826.86,3912.60,"{""batch"": ""A"", ""factor_system_style"": ""prose"", ""factor_json_explicitness"": ""strict"", ""factor_topk"": 8, ""factor_temperature"": 0.0, ""notes"": ""Version mas determinista del perfil narrativo estricto."", ""rationale"": ""Evalua si topK alto mantiene cobertura cuando temperatura cae a cero.""}"
batch_a_05,batch_a_structured_json_loose_k8_t03,8,0.3,0.8500,1.0000,0.8056,3827.13,4043.56,"{""batch"": ""A"", ""factor_system_style"": ""structured"", ""factor_json_explicitness"": ""loose"", ""factor_topk"": 8, ""factor_temperature"": 0.3, ""notes"": ""Prompt tipo checklist con JSON flexible."", ""rationale"": ""Contrasta estructura del system prompt contra narrativa con mismo nivel de libertad.""}"
batch_a_06,batch_a_structured_json_loose_k8_t0,8,0.0,0.8500,1.0000,0.9167,3692.11,3947.42,"{""batch"": ""A"", ""factor_system_style"": ""structured"", ""factor_json_explicitness"": ""loose"", ""factor_topk"": 8, ""factor_temperature"": 0.0, ""notes"": ""Checklist determinista para reducir drift de estilo."", ""rationale"": ""Mide si la estructura por si sola mejora estabilidad sin forzar JSON estricto.""}"
batch_a_07,batch_a_structured_json_strict_k1_t0,1,0.0,0.6000,1.0000,0.8056,3902.28,4092.42,"{""batch"": ""A"", ""factor_system_style"": ""structured"", ""factor_json_explicitness"": ""strict"", ""factor_topk"": 1, ""factor_temperature"": 0.0, ""notes"": ""Perfil mas conservador para priorizar parseabilidad."", ""rationale"": ""Sirve como candidato de robustez maxima para pipelines sensibles a errores de formato.""}"
batch_a_08,batch_a_structured_json_strict_k1_t03,1,0.3,0.5500,1.0000,0.6111,3891.45,4151.69,"{""batch"": ""A"", ""factor_system_style"": ""structured"", ""factor_json_explicitness"": ""strict"", ""factor_topk"": 1, ""factor_temperature"": 0.3, ""notes"": ""Misma rigidez de formato con algo de creatividad controlada."", ""rationale"": ""Valida si pequena variacion mejora riqueza causal manteniendo JSON parseable.""}"
