rank,run_id,prompt_variant,topK,temperature,composite_score,json_validity_rate,coverage_avg,driving_non_empty_rate,latency_avg_ms,latency_p95_ms,specialist_json_invalid,chief_none_or_invalid,empty_driving_analysis
1,batch_a_03,batch_a_prose_json_strict_k8_t03,8,0.3,0.9325,0.8500,1.0000,1.0000,3901.94,4104.24,1,2,0
2,batch_a_06,batch_a_structured_json_loose_k8_t0,8,0.0,0.9033,0.8500,0.9167,1.0000,3692.11,3947.42,3,0,0
3,batch_a_05,batch_a_structured_json_loose_k8_t03,8,0.3,0.8644,0.8500,0.8056,1.0000,3827.13,4043.56,3,0,0
4,batch_a_04,batch_a_prose_json_strict_k8_t0,8,0.0,0.8583,0.7500,0.9167,1.0000,3826.86,3912.60,2,3,0
5,batch_a_07,batch_a_structured_json_strict_k1_t0,1,0.0,0.7519,0.6000,0.8056,1.0000,3902.28,4092.42,7,1,0
6,batch_a_01,batch_a_prose_json_loose_k1_t0,1,0.0,0.7467,0.6500,0.9167,0.6667,3813.91,4034.55,4,3,1
7,batch_a_08,batch_a_structured_json_strict_k1_t03,1,0.3,0.6614,0.5500,0.6111,1.0000,3891.45,4151.69,9,0,0
8,batch_a_02,batch_a_prose_json_loose_k1_t03,1,0.3,0.5722,0.5000,0.6111,0.6667,3708.17,3993.45,8,2,1
